-- ! INSERTS

INSERT INTO `IDIOMES` (`ID_IDIOMA`, `NOM_IDIOMA`) VALUES
    (1, "ESPANYOL"),
    (2,"CATALA"),
    (3,"ANGLES");

INSERT INTO `TIPUS`(`NOM_TIPUS`) VALUES
	('Hotel'),
	('Apartament'),
	('Casa Rural'),
	('Hostal'),
	('Camping'),
	('Piscina'),
	('Restaurant'),
	('Bar'),
	('Gimnas'),
	('Spa');

INSERT INTO `MUNICIPIS` (`ID_MUNICIPI`, `NOM_MUNICIPI`) VALUES
	(1, 'Alaior'),
	(2, 'Alaró'),
	(3, 'Alcúdia'),
	(4, 'Algaida'),
	(5, 'Andratx'),
	(6, 'Ariany'),
	(7, 'Artà'),
	(8, 'Banyalbufar'),
	(9, 'Binissalem'),
	(10, 'Búger'),
	(11, 'Bunyola'),
	(12, 'Calvià'),
	(13, 'Campanet'),
	(14, 'Campos'),
	(15, 'Capdepera'),
	(16, 'es Castell'),
	(17, 'Ciutadella de Menorca'),
	(18, 'Consell'),
	(19, 'Costitx'),
	(20, 'Deià'),
	(21, 'Eivissa'),
	(22, 'Escorca'),
	(23, 'Esporles'),
	(24, 'Estellencs'),
	(25, 'Felanitx'),
	(26, 'Ferreries'),
	(27, 'Formentera'),
	(28, 'Fornalutx'),
	(29, 'Inca'),
	(30, 'Lloret de Vistalegre'),
	(31, 'Lloseta'),
	(32, 'Llubí'),
	(33, 'Llucmajor'),
	(34, 'Maó'),
	(35, 'Manacor'),
	(36, 'Mancor de la Vall'),
	(37, 'Maria de la Salut'),
	(38, 'Marratxí'),
	(39, 'Es Mercadal'),
	(40, 'Es Migjorn Gran'),
	(41, 'Montuïri'),
	(42, 'Muro'),
	(43, 'Palma'),
	(44, 'Petra'),
	(45, 'Sa Pobla'),
	(46, 'Pollença'),
	(47, 'Porreres'),
	(48, 'Puigpunyent'),
	(49, 'Ses Salines'),
	(50, 'Sant Antoni de Portmany'),
	(51, 'Sant Joan'),
	(52, 'Sant Joan de Labritja'),
	(53, 'Sant Josep de sa Talaia'),
	(54, 'Sant Llorenç des Cardassar'),
	(55, 'Sant Lluís'),
	(56, 'Santa Eugènia'),
	(57, 'Santa Eulària des Riu'),
	(58, 'Santa Margalida'),
	(59, 'Santa Maria del Camí'),
	(60, 'Santanyí'),
	(61, 'Selva'),
	(62, 'Sencelles'),
	(63, 'Sineu'),
	(64, 'Sóller'),
	(65, 'Son Servera'),
	(66, 'Valldemossa'),
	(67, 'Vilafranca de Bonany');

INSERT INTO `VACANCES` (`ID_VACANCES`, `NOM_VACANCES`) VALUES
	(1, 'Platja'),
	(2, 'Muntanya'),
	(3, 'Urbà'),
	(4, 'Rural'),
	(5, 'Cultural');

INSERT INTO `TRADUCCIO_VACANCES` (`FK_ID_VACANCES`, `FK_ID_IDIOMA`, `TRADUCCIO_VAC`) VALUES
	(1, 1, 'Playa'),
	(1, 2, 'Platja'),
	(1, 3, 'Beach'),
	(2, 1, 'Montaña'),
	(2, 2, 'Muntanya'),
	(2, 3, 'Mountain'),
	(3, 1, 'Urbano'),
	(3, 2, 'Urbà'),
	(3, 3, 'Urban'),
	(4, 1, 'Rural'),
	(4, 2, 'Rural'),
	(4, 3, 'Rural'),
	(5, 1, 'Cultural'),
	(5, 2, 'Cultural'),
	(5, 3, 'Cultural');

INSERT INTO `USUARIS` (`ID_USUARI`, `DNI`, `NOM_COMPLET`, `CORREU_ELECTRONIC`, `CONTRASENYA`, `TELEFON`, `ADMINISTRADOR`) VALUES
	(1, '11111111A', 'Joan Toni Ramon Crespí', 'joanantoniramon@paucasesnovescifp.cat', 'joantoni1234', '666555444', TRUE),
	(2, '22222222B', 'Jaume Truyols Sosa', 'jaumetruyols@paucasesnovescifp.cat', 'jaume1234', '666333222', FALSE),
	(3, '33333333C', 'Isaac Palou Gijón', 'isaacpalou@paucasesnovescifp.cat', 'isaac1234', '666111999', TRUE),
	(4 '44444444D', 'Maria Ferrer Bleda', 'mariamargalidaferrer@paucasesnovescifp.cat', 'maria1234', '666888777' FALSE);

INSERT INTO `ALLOTJAMENTS` (`ID_ALLOTJAMENT`,`NOM_COMERCIAL`, `NUM_REGISTRE`, `DESCRIPCIO`, `LLITS`, `PERSONES`, `BANYS`,
							`FOTOGRAFIES`, `ADREÇA`, `DESTACAT`, `VALORACIO_GLOBAL`, `FK_ID_MUNICIPI`, `FK_ID_TIPUS`,
							`FK_ID_SERVEI`, `FK_ID_VACANCES`, `FK_ID_CATEGORIA`, `FK_ID_USUARI`) VALUES
	();